device_id,publisher_session_id,source_sequence,message_id,publisher_payload_hash,gateway_present,gateway_state,gateway_attempt_count,collector_observation_count,collector_valid_match,collector_duplicate_count,payload_conflict
sensor-001,baseline-050-001-session-001,1,baseline-050-001-000001,967857cf04e4aab9d2487b1a21d3bd9cc0c23fff2a0973c1e5cc27f57ef7a790,1,broker_acknowledged,1,1,1,0,0
sensor-001,baseline-050-001-session-001,2,baseline-050-001-000002,6d1d997567baac0c6a759c6869faf991506ed54cd60074bad81875aa4808e4c9,1,broker_acknowledged,1,1,1,0,0
sensor-001,baseline-050-001-session-001,3,baseline-050-001-000003,0e6e8d6752849335ac4ceaf57d395fc4f76e94c6a552f6c4cbc66b8170ddfbb4,1,broker_acknowledged,1,1,1,0,0
sensor-001,baseline-050-001-session-001,4,baseline-050-001-000004,05ae29abc9af5aa75eb00e9c7afec3c0019104e44904384634c587d4268f0761,1,broker_acknowledged,1,1,1,0,0
sensor-001,baseline-050-001-session-001,5,baseline-050-001-000005,7b683b6c7052f1974ed7af63d03c0c0bb8a2b630992aee58693bba7d43ec7903,1,broker_acknowledged,1,1,1,0,0
sensor-001,baseline-050-001-session-001,6,baseline-050-001-000006,1f2daad4f0b564c7716567b8d12ba882c53c678750f38e2943e43d913b6600fb,1,broker_acknowledged,1,1,1,0,0
sensor-001,baseline-050-001-session-001,7,baseline-050-001-000007,be69e7b484d5771b53fda5864ebd5ed9cd33142d205072f4658a239b818845ba,1,broker_acknowledged,1,1,1,0,0
sensor-001,baseline-050-001-session-001,8,baseline-050-001-000008,016e9b83da9146f6b86fd2326c9efb8f424c351121f46c9aaf2548107b57b905,1,broker_acknowledged,1,1,1,0,0
sensor-001,baseline-050-001-session-001,9,baseline-050-001-000009,c46bb9a6c7adae8e19193e85742b24ffdc8534607e02fd703030f0d4e2018f88,1,broker_acknowledged,1,1,1,0,0
sensor-001,baseline-050-001-session-001,10,baseline-050-001-000010,fb1b1df6b919b3af9c0fb0b5cbcb4a720880870e09e0e871c46b3fff7934bc37,1,broker_acknowledged,1,1,1,0,0
sensor-001,baseline-050-001-session-001,11,baseline-050-001-000011,8e084a077a4a4f31952715653bc7ec47bdb8b554bf469e966fa6c698f255e95c,1,broker_acknowledged,1,1,1,0,0
sensor-001,baseline-050-001-session-001,12,baseline-050-001-000012,667316a18b56918b8b2f764e71349875c3b9388b9a8fca89f76a782f118d61d6,1,broker_acknowledged,1,1,1,0,0
sensor-001,baseline-050-001-session-001,13,baseline-050-001-000013,6a0853486473963c55cd15c2b15e4e32c823c3d5bcb25eb24522143204b63271,1,broker_acknowledged,1,1,1,0,0
sensor-001,baseline-050-001-session-001,14,baseline-050-001-000014,745e8b002db45b1b5ef3f04a78c599b2fab17123c77ee2b3047a778265b7f341,1,broker_acknowledged,1,1,1,0,0
sensor-001,baseline-050-001-session-001,15,baseline-050-001-000015,810e05bff3155edd17cc17f6e083fa2ac784719ce9876ba29c3c5541fb5f514f,1,broker_acknowledged,1,1,1,0,0
sensor-001,baseline-050-001-session-001,16,baseline-050-001-000016,c48b550b292cacdbbe1f9f7a015e54da64f17bac48958ece7712a6b9ddafd02d,1,broker_acknowledged,1,1,1,0,0
sensor-001,baseline-050-001-session-001,17,baseline-050-001-000017,98ecb84819d43dd978702c53880a81bee60c790100ec8c33c39d5ac247d55ebb,1,broker_acknowledged,1,1,1,0,0
sensor-001,baseline-050-001-session-001,18,baseline-050-001-000018,8a411a2a3eadd850606f997a4ffba78c9c163644c21bda5599a1ff84b99cfdf3,1,broker_acknowledged,1,1,1,0,0
sensor-001,baseline-050-001-session-001,19,baseline-050-001-000019,ef22e30ae59054047c6f75b7470a68013c3566d41adf66119c8af831e7ab56ce,1,broker_acknowledged,1,1,1,0,0
sensor-001,baseline-050-001-session-001,20,baseline-050-001-000020,c692bd42cb6cff14ea4e3dd778e7307d2c176f33de28a4bee975aed872bd5c17,1,broker_acknowledged,1,1,1,0,0
sensor-001,baseline-050-001-session-001,21,baseline-050-001-000021,967857cf04e4aab9d2487b1a21d3bd9cc0c23fff2a0973c1e5cc27f57ef7a790,1,broker_acknowledged,1,1,1,0,0
sensor-001,baseline-050-001-session-001,22,baseline-050-001-000022,6d1d997567baac0c6a759c6869faf991506ed54cd60074bad81875aa4808e4c9,1,broker_acknowledged,1,1,1,0,0
sensor-001,baseline-050-001-session-001,23,baseline-050-001-000023,0e6e8d6752849335ac4ceaf57d395fc4f76e94c6a552f6c4cbc66b8170ddfbb4,1,broker_acknowledged,1,1,1,0,0
sensor-001,baseline-050-001-session-001,24,baseline-050-001-000024,05ae29abc9af5aa75eb00e9c7afec3c0019104e44904384634c587d4268f0761,1,broker_acknowledged,1,1,1,0,0
sensor-001,baseline-050-001-session-001,25,baseline-050-001-000025,7b683b6c7052f1974ed7af63d03c0c0bb8a2b630992aee58693bba7d43ec7903,1,broker_acknowledged,1,1,1,0,0
sensor-001,baseline-050-001-session-001,26,baseline-050-001-000026,1f2daad4f0b564c7716567b8d12ba882c53c678750f38e2943e43d913b6600fb,1,broker_acknowledged,1,1,1,0,0
sensor-001,baseline-050-001-session-001,27,baseline-050-001-000027,be69e7b484d5771b53fda5864ebd5ed9cd33142d205072f4658a239b818845ba,1,broker_acknowledged,1,1,1,0,0
sensor-001,baseline-050-001-session-001,28,baseline-050-001-000028,016e9b83da9146f6b86fd2326c9efb8f424c351121f46c9aaf2548107b57b905,1,broker_acknowledged,1,1,1,0,0
sensor-001,baseline-050-001-session-001,29,baseline-050-001-000029,c46bb9a6c7adae8e19193e85742b24ffdc8534607e02fd703030f0d4e2018f88,1,broker_acknowledged,1,1,1,0,0
sensor-001,baseline-050-001-session-001,30,baseline-050-001-000030,fb1b1df6b919b3af9c0fb0b5cbcb4a720880870e09e0e871c46b3fff7934bc37,1,broker_acknowledged,1,1,1,0,0
sensor-001,baseline-050-001-session-001,31,baseline-050-001-000031,8e084a077a4a4f31952715653bc7ec47bdb8b554bf469e966fa6c698f255e95c,1,broker_acknowledged,1,1,1,0,0
sensor-001,baseline-050-001-session-001,32,baseline-050-001-000032,667316a18b56918b8b2f764e71349875c3b9388b9a8fca89f76a782f118d61d6,1,broker_acknowledged,1,1,1,0,0
sensor-001,baseline-050-001-session-001,33,baseline-050-001-000033,6a0853486473963c55cd15c2b15e4e32c823c3d5bcb25eb24522143204b63271,1,broker_acknowledged,1,1,1,0,0
sensor-001,baseline-050-001-session-001,34,baseline-050-001-000034,745e8b002db45b1b5ef3f04a78c599b2fab17123c77ee2b3047a778265b7f341,1,broker_acknowledged,1,1,1,0,0
sensor-001,baseline-050-001-session-001,35,baseline-050-001-000035,810e05bff3155edd17cc17f6e083fa2ac784719ce9876ba29c3c5541fb5f514f,1,broker_acknowledged,1,1,1,0,0
sensor-001,baseline-050-001-session-001,36,baseline-050-001-000036,c48b550b292cacdbbe1f9f7a015e54da64f17bac48958ece7712a6b9ddafd02d,1,broker_acknowledged,1,1,1,0,0
sensor-001,baseline-050-001-session-001,37,baseline-050-001-000037,98ecb84819d43dd978702c53880a81bee60c790100ec8c33c39d5ac247d55ebb,1,broker_acknowledged,1,1,1,0,0
sensor-001,baseline-050-001-session-001,38,baseline-050-001-000038,8a411a2a3eadd850606f997a4ffba78c9c163644c21bda5599a1ff84b99cfdf3,1,broker_acknowledged,1,1,1,0,0
sensor-001,baseline-050-001-session-001,39,baseline-050-001-000039,ef22e30ae59054047c6f75b7470a68013c3566d41adf66119c8af831e7ab56ce,1,broker_acknowledged,1,1,1,0,0
sensor-001,baseline-050-001-session-001,40,baseline-050-001-000040,c692bd42cb6cff14ea4e3dd778e7307d2c176f33de28a4bee975aed872bd5c17,1,broker_acknowledged,1,1,1,0,0
sensor-001,baseline-050-001-session-001,41,baseline-050-001-000041,967857cf04e4aab9d2487b1a21d3bd9cc0c23fff2a0973c1e5cc27f57ef7a790,1,broker_acknowledged,1,1,1,0,0
sensor-001,baseline-050-001-session-001,42,baseline-050-001-000042,6d1d997567baac0c6a759c6869faf991506ed54cd60074bad81875aa4808e4c9,1,broker_acknowledged,1,1,1,0,0
sensor-001,baseline-050-001-session-001,43,baseline-050-001-000043,0e6e8d6752849335ac4ceaf57d395fc4f76e94c6a552f6c4cbc66b8170ddfbb4,1,broker_acknowledged,1,1,1,0,0
sensor-001,baseline-050-001-session-001,44,baseline-050-001-000044,05ae29abc9af5aa75eb00e9c7afec3c0019104e44904384634c587d4268f0761,1,broker_acknowledged,1,1,1,0,0
sensor-001,baseline-050-001-session-001,45,baseline-050-001-000045,7b683b6c7052f1974ed7af63d03c0c0bb8a2b630992aee58693bba7d43ec7903,1,broker_acknowledged,1,1,1,0,0
sensor-001,baseline-050-001-session-001,46,baseline-050-001-000046,1f2daad4f0b564c7716567b8d12ba882c53c678750f38e2943e43d913b6600fb,1,broker_acknowledged,1,1,1,0,0
sensor-001,baseline-050-001-session-001,47,baseline-050-001-000047,be69e7b484d5771b53fda5864ebd5ed9cd33142d205072f4658a239b818845ba,1,broker_acknowledged,1,1,1,0,0
sensor-001,baseline-050-001-session-001,48,baseline-050-001-000048,016e9b83da9146f6b86fd2326c9efb8f424c351121f46c9aaf2548107b57b905,1,broker_acknowledged,1,1,1,0,0
sensor-001,baseline-050-001-session-001,49,baseline-050-001-000049,c46bb9a6c7adae8e19193e85742b24ffdc8534607e02fd703030f0d4e2018f88,1,broker_acknowledged,1,1,1,0,0
sensor-001,baseline-050-001-session-001,50,baseline-050-001-000050,fb1b1df6b919b3af9c0fb0b5cbcb4a720880870e09e0e871c46b3fff7934bc37,1,broker_acknowledged,1,1,1,0,0
