run_id,message_id,device_id,publisher_session_id,source_sequence,source_timestamp,generated_at,topic,payload,payload_hash,local_publish_confirmed
DEG-100MS-10LOSS-r4,DEG-100MS-10LOSS-r4-000001,sensor-001,DEG-100MS-10LOSS-r4-session-001,1,2026-08-31T10:07:56.210492Z,2026-08-31T10:07:56.212425Z,telemetry/sensor-001,"{""humidity_pct"":60,""temperature_c"":18.0}",967857cf04e4aab9d2487b1a21d3bd9cc0c23fff2a0973c1e5cc27f57ef7a790,1
DEG-100MS-10LOSS-r4,DEG-100MS-10LOSS-r4-000002,sensor-001,DEG-100MS-10LOSS-r4-session-001,2,2026-08-31T10:07:56.413154Z,2026-08-31T10:07:56.417554Z,telemetry/sensor-001,"{""humidity_pct"":61,""temperature_c"":18.1}",6d1d997567baac0c6a759c6869faf991506ed54cd60074bad81875aa4808e4c9,1
DEG-100MS-10LOSS-r4,DEG-100MS-10LOSS-r4-000003,sensor-001,DEG-100MS-10LOSS-r4-session-001,3,2026-08-31T10:07:56.618212Z,2026-08-31T10:07:56.622681Z,telemetry/sensor-001,"{""humidity_pct"":62,""temperature_c"":18.2}",0e6e8d6752849335ac4ceaf57d395fc4f76e94c6a552f6c4cbc66b8170ddfbb4,1
DEG-100MS-10LOSS-r4,DEG-100MS-10LOSS-r4-000004,sensor-001,DEG-100MS-10LOSS-r4-session-001,4,2026-08-31T10:07:56.823348Z,2026-08-31T10:07:56.827573Z,telemetry/sensor-001,"{""humidity_pct"":63,""temperature_c"":18.3}",05ae29abc9af5aa75eb00e9c7afec3c0019104e44904384634c587d4268f0761,1
DEG-100MS-10LOSS-r4,DEG-100MS-10LOSS-r4-000005,sensor-001,DEG-100MS-10LOSS-r4-session-001,5,2026-08-31T10:07:57.028207Z,2026-08-31T10:07:57.031432Z,telemetry/sensor-001,"{""humidity_pct"":64,""temperature_c"":18.4}",7b683b6c7052f1974ed7af63d03c0c0bb8a2b630992aee58693bba7d43ec7903,1
DEG-100MS-10LOSS-r4,DEG-100MS-10LOSS-r4-000006,sensor-001,DEG-100MS-10LOSS-r4-session-001,6,2026-08-31T10:07:57.232074Z,2026-08-31T10:07:57.234070Z,telemetry/sensor-001,"{""humidity_pct"":65,""temperature_c"":18.5}",1f2daad4f0b564c7716567b8d12ba882c53c678750f38e2943e43d913b6600fb,1
DEG-100MS-10LOSS-r4,DEG-100MS-10LOSS-r4-000007,sensor-001,DEG-100MS-10LOSS-r4-session-001,7,2026-08-31T10:07:57.434771Z,2026-08-31T10:07:57.436831Z,telemetry/sensor-001,"{""humidity_pct"":66,""temperature_c"":18.6}",be69e7b484d5771b53fda5864ebd5ed9cd33142d205072f4658a239b818845ba,1
DEG-100MS-10LOSS-r4,DEG-100MS-10LOSS-r4-000008,sensor-001,DEG-100MS-10LOSS-r4-session-001,8,2026-08-31T10:07:57.637461Z,2026-08-31T10:07:57.639460Z,telemetry/sensor-001,"{""humidity_pct"":67,""temperature_c"":18.7}",016e9b83da9146f6b86fd2326c9efb8f424c351121f46c9aaf2548107b57b905,1
DEG-100MS-10LOSS-r4,DEG-100MS-10LOSS-r4-000009,sensor-001,DEG-100MS-10LOSS-r4-session-001,9,2026-08-31T10:07:57.840083Z,2026-08-31T10:07:57.841926Z,telemetry/sensor-001,"{""humidity_pct"":68,""temperature_c"":18.8}",c46bb9a6c7adae8e19193e85742b24ffdc8534607e02fd703030f0d4e2018f88,1
DEG-100MS-10LOSS-r4,DEG-100MS-10LOSS-r4-000010,sensor-001,DEG-100MS-10LOSS-r4-session-001,10,2026-08-31T10:07:58.042575Z,2026-08-31T10:07:58.044394Z,telemetry/sensor-001,"{""humidity_pct"":69,""temperature_c"":18.9}",fb1b1df6b919b3af9c0fb0b5cbcb4a720880870e09e0e871c46b3fff7934bc37,1
DEG-100MS-10LOSS-r4,DEG-100MS-10LOSS-r4-000011,sensor-001,DEG-100MS-10LOSS-r4-session-001,11,2026-08-31T10:07:58.244982Z,2026-08-31T10:07:58.246804Z,telemetry/sensor-001,"{""humidity_pct"":60,""temperature_c"":19.0}",8e084a077a4a4f31952715653bc7ec47bdb8b554bf469e966fa6c698f255e95c,1
DEG-100MS-10LOSS-r4,DEG-100MS-10LOSS-r4-000012,sensor-001,DEG-100MS-10LOSS-r4-session-001,12,2026-08-31T10:07:58.447361Z,2026-08-31T10:07:58.449194Z,telemetry/sensor-001,"{""humidity_pct"":61,""temperature_c"":19.1}",667316a18b56918b8b2f764e71349875c3b9388b9a8fca89f76a782f118d61d6,1
DEG-100MS-10LOSS-r4,DEG-100MS-10LOSS-r4-000013,sensor-001,DEG-100MS-10LOSS-r4-session-001,13,2026-08-31T10:07:58.649763Z,2026-08-31T10:07:58.651509Z,telemetry/sensor-001,"{""humidity_pct"":62,""temperature_c"":19.2}",6a0853486473963c55cd15c2b15e4e32c823c3d5bcb25eb24522143204b63271,1
DEG-100MS-10LOSS-r4,DEG-100MS-10LOSS-r4-000014,sensor-001,DEG-100MS-10LOSS-r4-session-001,14,2026-08-31T10:07:58.852088Z,2026-08-31T10:07:58.853922Z,telemetry/sensor-001,"{""humidity_pct"":63,""temperature_c"":19.3}",745e8b002db45b1b5ef3f04a78c599b2fab17123c77ee2b3047a778265b7f341,1
DEG-100MS-10LOSS-r4,DEG-100MS-10LOSS-r4-000015,sensor-001,DEG-100MS-10LOSS-r4-session-001,15,2026-08-31T10:07:59.054641Z,2026-08-31T10:07:59.056381Z,telemetry/sensor-001,"{""humidity_pct"":64,""temperature_c"":19.4}",810e05bff3155edd17cc17f6e083fa2ac784719ce9876ba29c3c5541fb5f514f,1
DEG-100MS-10LOSS-r4,DEG-100MS-10LOSS-r4-000016,sensor-001,DEG-100MS-10LOSS-r4-session-001,16,2026-08-31T10:07:59.256929Z,2026-08-31T10:07:59.258906Z,telemetry/sensor-001,"{""humidity_pct"":65,""temperature_c"":19.5}",c48b550b292cacdbbe1f9f7a015e54da64f17bac48958ece7712a6b9ddafd02d,1
DEG-100MS-10LOSS-r4,DEG-100MS-10LOSS-r4-000017,sensor-001,DEG-100MS-10LOSS-r4-session-001,17,2026-08-31T10:07:59.459460Z,2026-08-31T10:07:59.461400Z,telemetry/sensor-001,"{""humidity_pct"":66,""temperature_c"":19.6}",98ecb84819d43dd978702c53880a81bee60c790100ec8c33c39d5ac247d55ebb,1
DEG-100MS-10LOSS-r4,DEG-100MS-10LOSS-r4-000018,sensor-001,DEG-100MS-10LOSS-r4-session-001,18,2026-08-31T10:07:59.661971Z,2026-08-31T10:07:59.663797Z,telemetry/sensor-001,"{""humidity_pct"":67,""temperature_c"":19.7}",8a411a2a3eadd850606f997a4ffba78c9c163644c21bda5599a1ff84b99cfdf3,1
DEG-100MS-10LOSS-r4,DEG-100MS-10LOSS-r4-000019,sensor-001,DEG-100MS-10LOSS-r4-session-001,19,2026-08-31T10:07:59.864355Z,2026-08-31T10:07:59.866271Z,telemetry/sensor-001,"{""humidity_pct"":68,""temperature_c"":19.8}",ef22e30ae59054047c6f75b7470a68013c3566d41adf66119c8af831e7ab56ce,1
DEG-100MS-10LOSS-r4,DEG-100MS-10LOSS-r4-000020,sensor-001,DEG-100MS-10LOSS-r4-session-001,20,2026-08-31T10:08:00.066906Z,2026-08-31T10:08:00.068827Z,telemetry/sensor-001,"{""humidity_pct"":69,""temperature_c"":19.9}",c692bd42cb6cff14ea4e3dd778e7307d2c176f33de28a4bee975aed872bd5c17,1
DEG-100MS-10LOSS-r4,DEG-100MS-10LOSS-r4-000021,sensor-001,DEG-100MS-10LOSS-r4-session-001,21,2026-08-31T10:08:00.269370Z,2026-08-31T10:08:00.271343Z,telemetry/sensor-001,"{""humidity_pct"":60,""temperature_c"":18.0}",967857cf04e4aab9d2487b1a21d3bd9cc0c23fff2a0973c1e5cc27f57ef7a790,1
DEG-100MS-10LOSS-r4,DEG-100MS-10LOSS-r4-000022,sensor-001,DEG-100MS-10LOSS-r4-session-001,22,2026-08-31T10:08:00.471907Z,2026-08-31T10:08:00.473840Z,telemetry/sensor-001,"{""humidity_pct"":61,""temperature_c"":18.1}",6d1d997567baac0c6a759c6869faf991506ed54cd60074bad81875aa4808e4c9,1
DEG-100MS-10LOSS-r4,DEG-100MS-10LOSS-r4-000023,sensor-001,DEG-100MS-10LOSS-r4-session-001,23,2026-08-31T10:08:00.674421Z,2026-08-31T10:08:00.676324Z,telemetry/sensor-001,"{""humidity_pct"":62,""temperature_c"":18.2}",0e6e8d6752849335ac4ceaf57d395fc4f76e94c6a552f6c4cbc66b8170ddfbb4,1
DEG-100MS-10LOSS-r4,DEG-100MS-10LOSS-r4-000024,sensor-001,DEG-100MS-10LOSS-r4-session-001,24,2026-08-31T10:08:00.876873Z,2026-08-31T10:08:00.878885Z,telemetry/sensor-001,"{""humidity_pct"":63,""temperature_c"":18.3}",05ae29abc9af5aa75eb00e9c7afec3c0019104e44904384634c587d4268f0761,1
DEG-100MS-10LOSS-r4,DEG-100MS-10LOSS-r4-000025,sensor-001,DEG-100MS-10LOSS-r4-session-001,25,2026-08-31T10:08:01.079398Z,2026-08-31T10:08:01.083301Z,telemetry/sensor-001,"{""humidity_pct"":64,""temperature_c"":18.4}",7b683b6c7052f1974ed7af63d03c0c0bb8a2b630992aee58693bba7d43ec7903,1
DEG-100MS-10LOSS-r4,DEG-100MS-10LOSS-r4-000026,sensor-001,DEG-100MS-10LOSS-r4-session-001,26,2026-08-31T10:08:01.283926Z,2026-08-31T10:08:01.287423Z,telemetry/sensor-001,"{""humidity_pct"":65,""temperature_c"":18.5}",1f2daad4f0b564c7716567b8d12ba882c53c678750f38e2943e43d913b6600fb,1
DEG-100MS-10LOSS-r4,DEG-100MS-10LOSS-r4-000027,sensor-001,DEG-100MS-10LOSS-r4-session-001,27,2026-08-31T10:08:01.488041Z,2026-08-31T10:08:01.491414Z,telemetry/sensor-001,"{""humidity_pct"":66,""temperature_c"":18.6}",be69e7b484d5771b53fda5864ebd5ed9cd33142d205072f4658a239b818845ba,1
DEG-100MS-10LOSS-r4,DEG-100MS-10LOSS-r4-000028,sensor-001,DEG-100MS-10LOSS-r4-session-001,28,2026-08-31T10:08:01.692032Z,2026-08-31T10:08:01.695424Z,telemetry/sensor-001,"{""humidity_pct"":67,""temperature_c"":18.7}",016e9b83da9146f6b86fd2326c9efb8f424c351121f46c9aaf2548107b57b905,1
DEG-100MS-10LOSS-r4,DEG-100MS-10LOSS-r4-000029,sensor-001,DEG-100MS-10LOSS-r4-session-001,29,2026-08-31T10:08:01.896018Z,2026-08-31T10:08:01.899410Z,telemetry/sensor-001,"{""humidity_pct"":68,""temperature_c"":18.8}",c46bb9a6c7adae8e19193e85742b24ffdc8534607e02fd703030f0d4e2018f88,1
DEG-100MS-10LOSS-r4,DEG-100MS-10LOSS-r4-000030,sensor-001,DEG-100MS-10LOSS-r4-session-001,30,2026-08-31T10:08:02.100072Z,2026-08-31T10:08:02.103423Z,telemetry/sensor-001,"{""humidity_pct"":69,""temperature_c"":18.9}",fb1b1df6b919b3af9c0fb0b5cbcb4a720880870e09e0e871c46b3fff7934bc37,1
DEG-100MS-10LOSS-r4,DEG-100MS-10LOSS-r4-000031,sensor-001,DEG-100MS-10LOSS-r4-session-001,31,2026-08-31T10:08:02.304038Z,2026-08-31T10:08:02.307422Z,telemetry/sensor-001,"{""humidity_pct"":60,""temperature_c"":19.0}",8e084a077a4a4f31952715653bc7ec47bdb8b554bf469e966fa6c698f255e95c,1
DEG-100MS-10LOSS-r4,DEG-100MS-10LOSS-r4-000032,sensor-001,DEG-100MS-10LOSS-r4-session-001,32,2026-08-31T10:08:02.508031Z,2026-08-31T10:08:02.511417Z,telemetry/sensor-001,"{""humidity_pct"":61,""temperature_c"":19.1}",667316a18b56918b8b2f764e71349875c3b9388b9a8fca89f76a782f118d61d6,1
DEG-100MS-10LOSS-r4,DEG-100MS-10LOSS-r4-000033,sensor-001,DEG-100MS-10LOSS-r4-session-001,33,2026-08-31T10:08:02.712038Z,2026-08-31T10:08:02.715424Z,telemetry/sensor-001,"{""humidity_pct"":62,""temperature_c"":19.2}",6a0853486473963c55cd15c2b15e4e32c823c3d5bcb25eb24522143204b63271,1
DEG-100MS-10LOSS-r4,DEG-100MS-10LOSS-r4-000034,sensor-001,DEG-100MS-10LOSS-r4-session-001,34,2026-08-31T10:08:02.916039Z,2026-08-31T10:08:02.919432Z,telemetry/sensor-001,"{""humidity_pct"":63,""temperature_c"":19.3}",745e8b002db45b1b5ef3f04a78c599b2fab17123c77ee2b3047a778265b7f341,1
DEG-100MS-10LOSS-r4,DEG-100MS-10LOSS-r4-000035,sensor-001,DEG-100MS-10LOSS-r4-session-001,35,2026-08-31T10:08:03.120057Z,2026-08-31T10:08:03.123414Z,telemetry/sensor-001,"{""humidity_pct"":64,""temperature_c"":19.4}",810e05bff3155edd17cc17f6e083fa2ac784719ce9876ba29c3c5541fb5f514f,1
DEG-100MS-10LOSS-r4,DEG-100MS-10LOSS-r4-000036,sensor-001,DEG-100MS-10LOSS-r4-session-001,36,2026-08-31T10:08:03.324035Z,2026-08-31T10:08:03.327477Z,telemetry/sensor-001,"{""humidity_pct"":65,""temperature_c"":19.5}",c48b550b292cacdbbe1f9f7a015e54da64f17bac48958ece7712a6b9ddafd02d,1
DEG-100MS-10LOSS-r4,DEG-100MS-10LOSS-r4-000037,sensor-001,DEG-100MS-10LOSS-r4-session-001,37,2026-08-31T10:08:03.528102Z,2026-08-31T10:08:03.530140Z,telemetry/sensor-001,"{""humidity_pct"":66,""temperature_c"":19.6}",98ecb84819d43dd978702c53880a81bee60c790100ec8c33c39d5ac247d55ebb,1
DEG-100MS-10LOSS-r4,DEG-100MS-10LOSS-r4-000038,sensor-001,DEG-100MS-10LOSS-r4-session-001,38,2026-08-31T10:08:03.730807Z,2026-08-31T10:08:03.732943Z,telemetry/sensor-001,"{""humidity_pct"":67,""temperature_c"":19.7}",8a411a2a3eadd850606f997a4ffba78c9c163644c21bda5599a1ff84b99cfdf3,1
DEG-100MS-10LOSS-r4,DEG-100MS-10LOSS-r4-000039,sensor-001,DEG-100MS-10LOSS-r4-session-001,39,2026-08-31T10:08:03.933550Z,2026-08-31T10:08:03.935723Z,telemetry/sensor-001,"{""humidity_pct"":68,""temperature_c"":19.8}",ef22e30ae59054047c6f75b7470a68013c3566d41adf66119c8af831e7ab56ce,1
DEG-100MS-10LOSS-r4,DEG-100MS-10LOSS-r4-000040,sensor-001,DEG-100MS-10LOSS-r4-session-001,40,2026-08-31T10:08:04.136296Z,2026-08-31T10:08:04.138486Z,telemetry/sensor-001,"{""humidity_pct"":69,""temperature_c"":19.9}",c692bd42cb6cff14ea4e3dd778e7307d2c176f33de28a4bee975aed872bd5c17,1
DEG-100MS-10LOSS-r4,DEG-100MS-10LOSS-r4-000041,sensor-001,DEG-100MS-10LOSS-r4-session-001,41,2026-08-31T10:08:04.339072Z,2026-08-31T10:08:04.341213Z,telemetry/sensor-001,"{""humidity_pct"":60,""temperature_c"":18.0}",967857cf04e4aab9d2487b1a21d3bd9cc0c23fff2a0973c1e5cc27f57ef7a790,1
DEG-100MS-10LOSS-r4,DEG-100MS-10LOSS-r4-000042,sensor-001,DEG-100MS-10LOSS-r4-session-001,42,2026-08-31T10:08:04.541840Z,2026-08-31T10:08:04.543985Z,telemetry/sensor-001,"{""humidity_pct"":61,""temperature_c"":18.1}",6d1d997567baac0c6a759c6869faf991506ed54cd60074bad81875aa4808e4c9,1
DEG-100MS-10LOSS-r4,DEG-100MS-10LOSS-r4-000043,sensor-001,DEG-100MS-10LOSS-r4-session-001,43,2026-08-31T10:08:04.744569Z,2026-08-31T10:08:04.746559Z,telemetry/sensor-001,"{""humidity_pct"":62,""temperature_c"":18.2}",0e6e8d6752849335ac4ceaf57d395fc4f76e94c6a552f6c4cbc66b8170ddfbb4,1
DEG-100MS-10LOSS-r4,DEG-100MS-10LOSS-r4-000044,sensor-001,DEG-100MS-10LOSS-r4-session-001,44,2026-08-31T10:08:04.947180Z,2026-08-31T10:08:04.949077Z,telemetry/sensor-001,"{""humidity_pct"":63,""temperature_c"":18.3}",05ae29abc9af5aa75eb00e9c7afec3c0019104e44904384634c587d4268f0761,1
DEG-100MS-10LOSS-r4,DEG-100MS-10LOSS-r4-000045,sensor-001,DEG-100MS-10LOSS-r4-session-001,45,2026-08-31T10:08:05.149686Z,2026-08-31T10:08:05.153486Z,telemetry/sensor-001,"{""humidity_pct"":64,""temperature_c"":18.4}",7b683b6c7052f1974ed7af63d03c0c0bb8a2b630992aee58693bba7d43ec7903,1
DEG-100MS-10LOSS-r4,DEG-100MS-10LOSS-r4-000046,sensor-001,DEG-100MS-10LOSS-r4-session-001,46,2026-08-31T10:08:05.354102Z,2026-08-31T10:08:05.356058Z,telemetry/sensor-001,"{""humidity_pct"":65,""temperature_c"":18.5}",1f2daad4f0b564c7716567b8d12ba882c53c678750f38e2943e43d913b6600fb,1
DEG-100MS-10LOSS-r4,DEG-100MS-10LOSS-r4-000047,sensor-001,DEG-100MS-10LOSS-r4-session-001,47,2026-08-31T10:08:05.556613Z,2026-08-31T10:08:05.558607Z,telemetry/sensor-001,"{""humidity_pct"":66,""temperature_c"":18.6}",be69e7b484d5771b53fda5864ebd5ed9cd33142d205072f4658a239b818845ba,1
DEG-100MS-10LOSS-r4,DEG-100MS-10LOSS-r4-000048,sensor-001,DEG-100MS-10LOSS-r4-session-001,48,2026-08-31T10:08:05.759192Z,2026-08-31T10:08:05.761354Z,telemetry/sensor-001,"{""humidity_pct"":67,""temperature_c"":18.7}",016e9b83da9146f6b86fd2326c9efb8f424c351121f46c9aaf2548107b57b905,1
DEG-100MS-10LOSS-r4,DEG-100MS-10LOSS-r4-000049,sensor-001,DEG-100MS-10LOSS-r4-session-001,49,2026-08-31T10:08:05.961929Z,2026-08-31T10:08:05.963980Z,telemetry/sensor-001,"{""humidity_pct"":68,""temperature_c"":18.8}",c46bb9a6c7adae8e19193e85742b24ffdc8534607e02fd703030f0d4e2018f88,1
DEG-100MS-10LOSS-r4,DEG-100MS-10LOSS-r4-000050,sensor-001,DEG-100MS-10LOSS-r4-session-001,50,2026-08-31T10:08:06.164557Z,2026-08-31T10:08:06.166691Z,telemetry/sensor-001,"{""humidity_pct"":69,""temperature_c"":18.9}",fb1b1df6b919b3af9c0fb0b5cbcb4a720880870e09e0e871c46b3fff7934bc37,1
DEG-100MS-10LOSS-r4,DEG-100MS-10LOSS-r4-000051,sensor-001,DEG-100MS-10LOSS-r4-session-001,51,2026-08-31T10:08:06.367277Z,2026-08-31T10:08:06.369194Z,telemetry/sensor-001,"{""humidity_pct"":60,""temperature_c"":19.0}",8e084a077a4a4f31952715653bc7ec47bdb8b554bf469e966fa6c698f255e95c,1
DEG-100MS-10LOSS-r4,DEG-100MS-10LOSS-r4-000052,sensor-001,DEG-100MS-10LOSS-r4-session-001,52,2026-08-31T10:08:06.569745Z,2026-08-31T10:08:06.571716Z,telemetry/sensor-001,"{""humidity_pct"":61,""temperature_c"":19.1}",667316a18b56918b8b2f764e71349875c3b9388b9a8fca89f76a782f118d61d6,1
DEG-100MS-10LOSS-r4,DEG-100MS-10LOSS-r4-000053,sensor-001,DEG-100MS-10LOSS-r4-session-001,53,2026-08-31T10:08:06.772279Z,2026-08-31T10:08:06.774209Z,telemetry/sensor-001,"{""humidity_pct"":62,""temperature_c"":19.2}",6a0853486473963c55cd15c2b15e4e32c823c3d5bcb25eb24522143204b63271,1
DEG-100MS-10LOSS-r4,DEG-100MS-10LOSS-r4-000054,sensor-001,DEG-100MS-10LOSS-r4-session-001,54,2026-08-31T10:08:06.974846Z,2026-08-31T10:08:06.976757Z,telemetry/sensor-001,"{""humidity_pct"":63,""temperature_c"":19.3}",745e8b002db45b1b5ef3f04a78c599b2fab17123c77ee2b3047a778265b7f341,1
DEG-100MS-10LOSS-r4,DEG-100MS-10LOSS-r4-000055,sensor-001,DEG-100MS-10LOSS-r4-session-001,55,2026-08-31T10:08:07.177316Z,2026-08-31T10:08:07.179247Z,telemetry/sensor-001,"{""humidity_pct"":64,""temperature_c"":19.4}",810e05bff3155edd17cc17f6e083fa2ac784719ce9876ba29c3c5541fb5f514f,1
DEG-100MS-10LOSS-r4,DEG-100MS-10LOSS-r4-000056,sensor-001,DEG-100MS-10LOSS-r4-session-001,56,2026-08-31T10:08:07.379758Z,2026-08-31T10:08:07.381700Z,telemetry/sensor-001,"{""humidity_pct"":65,""temperature_c"":19.5}",c48b550b292cacdbbe1f9f7a015e54da64f17bac48958ece7712a6b9ddafd02d,1
DEG-100MS-10LOSS-r4,DEG-100MS-10LOSS-r4-000057,sensor-001,DEG-100MS-10LOSS-r4-session-001,57,2026-08-31T10:08:07.582260Z,2026-08-31T10:08:07.584189Z,telemetry/sensor-001,"{""humidity_pct"":66,""temperature_c"":19.6}",98ecb84819d43dd978702c53880a81bee60c790100ec8c33c39d5ac247d55ebb,1
DEG-100MS-10LOSS-r4,DEG-100MS-10LOSS-r4-000058,sensor-001,DEG-100MS-10LOSS-r4-session-001,58,2026-08-31T10:08:07.784752Z,2026-08-31T10:08:07.786742Z,telemetry/sensor-001,"{""humidity_pct"":67,""temperature_c"":19.7}",8a411a2a3eadd850606f997a4ffba78c9c163644c21bda5599a1ff84b99cfdf3,1
DEG-100MS-10LOSS-r4,DEG-100MS-10LOSS-r4-000059,sensor-001,DEG-100MS-10LOSS-r4-session-001,59,2026-08-31T10:08:07.987346Z,2026-08-31T10:08:07.989250Z,telemetry/sensor-001,"{""humidity_pct"":68,""temperature_c"":19.8}",ef22e30ae59054047c6f75b7470a68013c3566d41adf66119c8af831e7ab56ce,1
DEG-100MS-10LOSS-r4,DEG-100MS-10LOSS-r4-000060,sensor-001,DEG-100MS-10LOSS-r4-session-001,60,2026-08-31T10:08:08.189840Z,2026-08-31T10:08:08.191782Z,telemetry/sensor-001,"{""humidity_pct"":69,""temperature_c"":19.9}",c692bd42cb6cff14ea4e3dd778e7307d2c176f33de28a4bee975aed872bd5c17,1
DEG-100MS-10LOSS-r4,DEG-100MS-10LOSS-r4-000061,sensor-001,DEG-100MS-10LOSS-r4-session-001,61,2026-08-31T10:08:08.392321Z,2026-08-31T10:08:08.394261Z,telemetry/sensor-001,"{""humidity_pct"":60,""temperature_c"":18.0}",967857cf04e4aab9d2487b1a21d3bd9cc0c23fff2a0973c1e5cc27f57ef7a790,1
DEG-100MS-10LOSS-r4,DEG-100MS-10LOSS-r4-000062,sensor-001,DEG-100MS-10LOSS-r4-session-001,62,2026-08-31T10:08:08.594894Z,2026-08-31T10:08:08.596725Z,telemetry/sensor-001,"{""humidity_pct"":61,""temperature_c"":18.1}",6d1d997567baac0c6a759c6869faf991506ed54cd60074bad81875aa4808e4c9,1
DEG-100MS-10LOSS-r4,DEG-100MS-10LOSS-r4-000063,sensor-001,DEG-100MS-10LOSS-r4-session-001,63,2026-08-31T10:08:08.797292Z,2026-08-31T10:08:08.799281Z,telemetry/sensor-001,"{""humidity_pct"":62,""temperature_c"":18.2}",0e6e8d6752849335ac4ceaf57d395fc4f76e94c6a552f6c4cbc66b8170ddfbb4,1
DEG-100MS-10LOSS-r4,DEG-100MS-10LOSS-r4-000064,sensor-001,DEG-100MS-10LOSS-r4-session-001,64,2026-08-31T10:08:08.999845Z,2026-08-31T10:08:09.001781Z,telemetry/sensor-001,"{""humidity_pct"":63,""temperature_c"":18.3}",05ae29abc9af5aa75eb00e9c7afec3c0019104e44904384634c587d4268f0761,1
DEG-100MS-10LOSS-r4,DEG-100MS-10LOSS-r4-000065,sensor-001,DEG-100MS-10LOSS-r4-session-001,65,2026-08-31T10:08:09.202344Z,2026-08-31T10:08:09.204350Z,telemetry/sensor-001,"{""humidity_pct"":64,""temperature_c"":18.4}",7b683b6c7052f1974ed7af63d03c0c0bb8a2b630992aee58693bba7d43ec7903,1
DEG-100MS-10LOSS-r4,DEG-100MS-10LOSS-r4-000066,sensor-001,DEG-100MS-10LOSS-r4-session-001,66,2026-08-31T10:08:09.404916Z,2026-08-31T10:08:09.406924Z,telemetry/sensor-001,"{""humidity_pct"":65,""temperature_c"":18.5}",1f2daad4f0b564c7716567b8d12ba882c53c678750f38e2943e43d913b6600fb,1
DEG-100MS-10LOSS-r4,DEG-100MS-10LOSS-r4-000067,sensor-001,DEG-100MS-10LOSS-r4-session-001,67,2026-08-31T10:08:09.607484Z,2026-08-31T10:08:09.609395Z,telemetry/sensor-001,"{""humidity_pct"":66,""temperature_c"":18.6}",be69e7b484d5771b53fda5864ebd5ed9cd33142d205072f4658a239b818845ba,1
DEG-100MS-10LOSS-r4,DEG-100MS-10LOSS-r4-000068,sensor-001,DEG-100MS-10LOSS-r4-session-001,68,2026-08-31T10:08:09.809959Z,2026-08-31T10:08:09.811887Z,telemetry/sensor-001,"{""humidity_pct"":67,""temperature_c"":18.7}",016e9b83da9146f6b86fd2326c9efb8f424c351121f46c9aaf2548107b57b905,1
DEG-100MS-10LOSS-r4,DEG-100MS-10LOSS-r4-000069,sensor-001,DEG-100MS-10LOSS-r4-session-001,69,2026-08-31T10:08:10.012463Z,2026-08-31T10:08:10.015438Z,telemetry/sensor-001,"{""humidity_pct"":68,""temperature_c"":18.8}",c46bb9a6c7adae8e19193e85742b24ffdc8534607e02fd703030f0d4e2018f88,1
DEG-100MS-10LOSS-r4,DEG-100MS-10LOSS-r4-000070,sensor-001,DEG-100MS-10LOSS-r4-session-001,70,2026-08-31T10:08:10.216244Z,2026-08-31T10:08:10.218146Z,telemetry/sensor-001,"{""humidity_pct"":69,""temperature_c"":18.9}",fb1b1df6b919b3af9c0fb0b5cbcb4a720880870e09e0e871c46b3fff7934bc37,1
DEG-100MS-10LOSS-r4,DEG-100MS-10LOSS-r4-000071,sensor-001,DEG-100MS-10LOSS-r4-session-001,71,2026-08-31T10:08:10.418803Z,2026-08-31T10:08:10.420727Z,telemetry/sensor-001,"{""humidity_pct"":60,""temperature_c"":19.0}",8e084a077a4a4f31952715653bc7ec47bdb8b554bf469e966fa6c698f255e95c,1
DEG-100MS-10LOSS-r4,DEG-100MS-10LOSS-r4-000072,sensor-001,DEG-100MS-10LOSS-r4-session-001,72,2026-08-31T10:08:10.621280Z,2026-08-31T10:08:10.623293Z,telemetry/sensor-001,"{""humidity_pct"":61,""temperature_c"":19.1}",667316a18b56918b8b2f764e71349875c3b9388b9a8fca89f76a782f118d61d6,1
DEG-100MS-10LOSS-r4,DEG-100MS-10LOSS-r4-000073,sensor-001,DEG-100MS-10LOSS-r4-session-001,73,2026-08-31T10:08:10.823910Z,2026-08-31T10:08:10.825808Z,telemetry/sensor-001,"{""humidity_pct"":62,""temperature_c"":19.2}",6a0853486473963c55cd15c2b15e4e32c823c3d5bcb25eb24522143204b63271,1
DEG-100MS-10LOSS-r4,DEG-100MS-10LOSS-r4-000074,sensor-001,DEG-100MS-10LOSS-r4-session-001,74,2026-08-31T10:08:11.026383Z,2026-08-31T10:08:11.028280Z,telemetry/sensor-001,"{""humidity_pct"":63,""temperature_c"":19.3}",745e8b002db45b1b5ef3f04a78c599b2fab17123c77ee2b3047a778265b7f341,1
DEG-100MS-10LOSS-r4,DEG-100MS-10LOSS-r4-000075,sensor-001,DEG-100MS-10LOSS-r4-session-001,75,2026-08-31T10:08:11.228844Z,2026-08-31T10:08:11.230756Z,telemetry/sensor-001,"{""humidity_pct"":64,""temperature_c"":19.4}",810e05bff3155edd17cc17f6e083fa2ac784719ce9876ba29c3c5541fb5f514f,1
DEG-100MS-10LOSS-r4,DEG-100MS-10LOSS-r4-000076,sensor-001,DEG-100MS-10LOSS-r4-session-001,76,2026-08-31T10:08:11.431311Z,2026-08-31T10:08:11.433248Z,telemetry/sensor-001,"{""humidity_pct"":65,""temperature_c"":19.5}",c48b550b292cacdbbe1f9f7a015e54da64f17bac48958ece7712a6b9ddafd02d,1
DEG-100MS-10LOSS-r4,DEG-100MS-10LOSS-r4-000077,sensor-001,DEG-100MS-10LOSS-r4-session-001,77,2026-08-31T10:08:11.633801Z,2026-08-31T10:08:11.635754Z,telemetry/sensor-001,"{""humidity_pct"":66,""temperature_c"":19.6}",98ecb84819d43dd978702c53880a81bee60c790100ec8c33c39d5ac247d55ebb,1
DEG-100MS-10LOSS-r4,DEG-100MS-10LOSS-r4-000078,sensor-001,DEG-100MS-10LOSS-r4-session-001,78,2026-08-31T10:08:11.836311Z,2026-08-31T10:08:11.838230Z,telemetry/sensor-001,"{""humidity_pct"":67,""temperature_c"":19.7}",8a411a2a3eadd850606f997a4ffba78c9c163644c21bda5599a1ff84b99cfdf3,1
DEG-100MS-10LOSS-r4,DEG-100MS-10LOSS-r4-000079,sensor-001,DEG-100MS-10LOSS-r4-session-001,79,2026-08-31T10:08:12.038889Z,2026-08-31T10:08:12.040791Z,telemetry/sensor-001,"{""humidity_pct"":68,""temperature_c"":19.8}",ef22e30ae59054047c6f75b7470a68013c3566d41adf66119c8af831e7ab56ce,1
DEG-100MS-10LOSS-r4,DEG-100MS-10LOSS-r4-000080,sensor-001,DEG-100MS-10LOSS-r4-session-001,80,2026-08-31T10:08:12.241349Z,2026-08-31T10:08:12.243317Z,telemetry/sensor-001,"{""humidity_pct"":69,""temperature_c"":19.9}",c692bd42cb6cff14ea4e3dd778e7307d2c176f33de28a4bee975aed872bd5c17,1
DEG-100MS-10LOSS-r4,DEG-100MS-10LOSS-r4-000081,sensor-001,DEG-100MS-10LOSS-r4-session-001,81,2026-08-31T10:08:12.443873Z,2026-08-31T10:08:12.445783Z,telemetry/sensor-001,"{""humidity_pct"":60,""temperature_c"":18.0}",967857cf04e4aab9d2487b1a21d3bd9cc0c23fff2a0973c1e5cc27f57ef7a790,1
DEG-100MS-10LOSS-r4,DEG-100MS-10LOSS-r4-000082,sensor-001,DEG-100MS-10LOSS-r4-session-001,82,2026-08-31T10:08:12.646274Z,2026-08-31T10:08:12.648197Z,telemetry/sensor-001,"{""humidity_pct"":61,""temperature_c"":18.1}",6d1d997567baac0c6a759c6869faf991506ed54cd60074bad81875aa4808e4c9,1
DEG-100MS-10LOSS-r4,DEG-100MS-10LOSS-r4-000083,sensor-001,DEG-100MS-10LOSS-r4-session-001,83,2026-08-31T10:08:12.848759Z,2026-08-31T10:08:12.850734Z,telemetry/sensor-001,"{""humidity_pct"":62,""temperature_c"":18.2}",0e6e8d6752849335ac4ceaf57d395fc4f76e94c6a552f6c4cbc66b8170ddfbb4,1
DEG-100MS-10LOSS-r4,DEG-100MS-10LOSS-r4-000084,sensor-001,DEG-100MS-10LOSS-r4-session-001,84,2026-08-31T10:08:13.051296Z,2026-08-31T10:08:13.053190Z,telemetry/sensor-001,"{""humidity_pct"":63,""temperature_c"":18.3}",05ae29abc9af5aa75eb00e9c7afec3c0019104e44904384634c587d4268f0761,1
DEG-100MS-10LOSS-r4,DEG-100MS-10LOSS-r4-000085,sensor-001,DEG-100MS-10LOSS-r4-session-001,85,2026-08-31T10:08:13.253768Z,2026-08-31T10:08:13.255730Z,telemetry/sensor-001,"{""humidity_pct"":64,""temperature_c"":18.4}",7b683b6c7052f1974ed7af63d03c0c0bb8a2b630992aee58693bba7d43ec7903,1
DEG-100MS-10LOSS-r4,DEG-100MS-10LOSS-r4-000086,sensor-001,DEG-100MS-10LOSS-r4-session-001,86,2026-08-31T10:08:13.456294Z,2026-08-31T10:08:13.458197Z,telemetry/sensor-001,"{""humidity_pct"":65,""temperature_c"":18.5}",1f2daad4f0b564c7716567b8d12ba882c53c678750f38e2943e43d913b6600fb,1
DEG-100MS-10LOSS-r4,DEG-100MS-10LOSS-r4-000087,sensor-001,DEG-100MS-10LOSS-r4-session-001,87,2026-08-31T10:08:13.658897Z,2026-08-31T10:08:13.660841Z,telemetry/sensor-001,"{""humidity_pct"":66,""temperature_c"":18.6}",be69e7b484d5771b53fda5864ebd5ed9cd33142d205072f4658a239b818845ba,1
DEG-100MS-10LOSS-r4,DEG-100MS-10LOSS-r4-000088,sensor-001,DEG-100MS-10LOSS-r4-session-001,88,2026-08-31T10:08:13.861453Z,2026-08-31T10:08:13.863332Z,telemetry/sensor-001,"{""humidity_pct"":67,""temperature_c"":18.7}",016e9b83da9146f6b86fd2326c9efb8f424c351121f46c9aaf2548107b57b905,1
DEG-100MS-10LOSS-r4,DEG-100MS-10LOSS-r4-000089,sensor-001,DEG-100MS-10LOSS-r4-session-001,89,2026-08-31T10:08:14.063896Z,2026-08-31T10:08:14.065796Z,telemetry/sensor-001,"{""humidity_pct"":68,""temperature_c"":18.8}",c46bb9a6c7adae8e19193e85742b24ffdc8534607e02fd703030f0d4e2018f88,1
DEG-100MS-10LOSS-r4,DEG-100MS-10LOSS-r4-000090,sensor-001,DEG-100MS-10LOSS-r4-session-001,90,2026-08-31T10:08:14.266387Z,2026-08-31T10:08:14.268288Z,telemetry/sensor-001,"{""humidity_pct"":69,""temperature_c"":18.9}",fb1b1df6b919b3af9c0fb0b5cbcb4a720880870e09e0e871c46b3fff7934bc37,1
DEG-100MS-10LOSS-r4,DEG-100MS-10LOSS-r4-000091,sensor-001,DEG-100MS-10LOSS-r4-session-001,91,2026-08-31T10:08:14.468852Z,2026-08-31T10:08:14.470836Z,telemetry/sensor-001,"{""humidity_pct"":60,""temperature_c"":19.0}",8e084a077a4a4f31952715653bc7ec47bdb8b554bf469e966fa6c698f255e95c,1
DEG-100MS-10LOSS-r4,DEG-100MS-10LOSS-r4-000092,sensor-001,DEG-100MS-10LOSS-r4-session-001,92,2026-08-31T10:08:14.671407Z,2026-08-31T10:08:14.673319Z,telemetry/sensor-001,"{""humidity_pct"":61,""temperature_c"":19.1}",667316a18b56918b8b2f764e71349875c3b9388b9a8fca89f76a782f118d61d6,1
DEG-100MS-10LOSS-r4,DEG-100MS-10LOSS-r4-000093,sensor-001,DEG-100MS-10LOSS-r4-session-001,93,2026-08-31T10:08:14.873881Z,2026-08-31T10:08:14.875826Z,telemetry/sensor-001,"{""humidity_pct"":62,""temperature_c"":19.2}",6a0853486473963c55cd15c2b15e4e32c823c3d5bcb25eb24522143204b63271,1
DEG-100MS-10LOSS-r4,DEG-100MS-10LOSS-r4-000094,sensor-001,DEG-100MS-10LOSS-r4-session-001,94,2026-08-31T10:08:15.076382Z,2026-08-31T10:08:15.078313Z,telemetry/sensor-001,"{""humidity_pct"":63,""temperature_c"":19.3}",745e8b002db45b1b5ef3f04a78c599b2fab17123c77ee2b3047a778265b7f341,1
DEG-100MS-10LOSS-r4,DEG-100MS-10LOSS-r4-000095,sensor-001,DEG-100MS-10LOSS-r4-session-001,95,2026-08-31T10:08:15.278971Z,2026-08-31T10:08:15.281594Z,telemetry/sensor-001,"{""humidity_pct"":64,""temperature_c"":19.4}",810e05bff3155edd17cc17f6e083fa2ac784719ce9876ba29c3c5541fb5f514f,1
DEG-100MS-10LOSS-r4,DEG-100MS-10LOSS-r4-000096,sensor-001,DEG-100MS-10LOSS-r4-session-001,96,2026-08-31T10:08:15.482400Z,2026-08-31T10:08:15.484953Z,telemetry/sensor-001,"{""humidity_pct"":65,""temperature_c"":19.5}",c48b550b292cacdbbe1f9f7a015e54da64f17bac48958ece7712a6b9ddafd02d,1
DEG-100MS-10LOSS-r4,DEG-100MS-10LOSS-r4-000097,sensor-001,DEG-100MS-10LOSS-r4-session-001,97,2026-08-31T10:08:15.685723Z,2026-08-31T10:08:15.688739Z,telemetry/sensor-001,"{""humidity_pct"":66,""temperature_c"":19.6}",98ecb84819d43dd978702c53880a81bee60c790100ec8c33c39d5ac247d55ebb,1
DEG-100MS-10LOSS-r4,DEG-100MS-10LOSS-r4-000098,sensor-001,DEG-100MS-10LOSS-r4-session-001,98,2026-08-31T10:08:15.889591Z,2026-08-31T10:08:15.892252Z,telemetry/sensor-001,"{""humidity_pct"":67,""temperature_c"":19.7}",8a411a2a3eadd850606f997a4ffba78c9c163644c21bda5599a1ff84b99cfdf3,1
DEG-100MS-10LOSS-r4,DEG-100MS-10LOSS-r4-000099,sensor-001,DEG-100MS-10LOSS-r4-session-001,99,2026-08-31T10:08:16.093202Z,2026-08-31T10:08:16.096925Z,telemetry/sensor-001,"{""humidity_pct"":68,""temperature_c"":19.8}",ef22e30ae59054047c6f75b7470a68013c3566d41adf66119c8af831e7ab56ce,1
DEG-100MS-10LOSS-r4,DEG-100MS-10LOSS-r4-000100,sensor-001,DEG-100MS-10LOSS-r4-session-001,100,2026-08-31T10:08:16.297547Z,2026-08-31T10:08:16.301351Z,telemetry/sensor-001,"{""humidity_pct"":69,""temperature_c"":19.9}",c692bd42cb6cff14ea4e3dd778e7307d2c176f33de28a4bee975aed872bd5c17,1
