device_id,publisher_session_id,source_sequence,message_id,publisher_payload_hash,collector_observation_count,collector_valid_match,collector_valid_duplicate_count,collector_conflict_count,gateway_present,gateway_state,gateway_attempt_count
sensor-001,OUT-15S-2HZ-r2-session-001,1,OUT-15S-2HZ-r2-000001,967857cf04e4aab9d2487b1a21d3bd9cc0c23fff2a0973c1e5cc27f57ef7a790,1,1,0,0,1,broker_acknowledged,1
sensor-001,OUT-15S-2HZ-r2-session-001,2,OUT-15S-2HZ-r2-000002,6d1d997567baac0c6a759c6869faf991506ed54cd60074bad81875aa4808e4c9,1,1,0,0,1,broker_acknowledged,1
sensor-001,OUT-15S-2HZ-r2-session-001,3,OUT-15S-2HZ-r2-000003,0e6e8d6752849335ac4ceaf57d395fc4f76e94c6a552f6c4cbc66b8170ddfbb4,1,1,0,0,1,broker_acknowledged,1
sensor-001,OUT-15S-2HZ-r2-session-001,4,OUT-15S-2HZ-r2-000004,05ae29abc9af5aa75eb00e9c7afec3c0019104e44904384634c587d4268f0761,1,1,0,0,1,broker_acknowledged,1
sensor-001,OUT-15S-2HZ-r2-session-001,5,OUT-15S-2HZ-r2-000005,7b683b6c7052f1974ed7af63d03c0c0bb8a2b630992aee58693bba7d43ec7903,1,1,0,0,1,broker_acknowledged,1
sensor-001,OUT-15S-2HZ-r2-session-001,6,OUT-15S-2HZ-r2-000006,1f2daad4f0b564c7716567b8d12ba882c53c678750f38e2943e43d913b6600fb,1,1,0,0,1,broker_acknowledged,1
sensor-001,OUT-15S-2HZ-r2-session-001,7,OUT-15S-2HZ-r2-000007,be69e7b484d5771b53fda5864ebd5ed9cd33142d205072f4658a239b818845ba,1,1,0,0,1,broker_acknowledged,1
sensor-001,OUT-15S-2HZ-r2-session-001,8,OUT-15S-2HZ-r2-000008,016e9b83da9146f6b86fd2326c9efb8f424c351121f46c9aaf2548107b57b905,1,1,0,0,1,broker_acknowledged,1
sensor-001,OUT-15S-2HZ-r2-session-001,9,OUT-15S-2HZ-r2-000009,c46bb9a6c7adae8e19193e85742b24ffdc8534607e02fd703030f0d4e2018f88,1,1,0,0,1,broker_acknowledged,1
sensor-001,OUT-15S-2HZ-r2-session-001,10,OUT-15S-2HZ-r2-000010,fb1b1df6b919b3af9c0fb0b5cbcb4a720880870e09e0e871c46b3fff7934bc37,1,1,0,0,1,broker_acknowledged,1
sensor-001,OUT-15S-2HZ-r2-session-001,11,OUT-15S-2HZ-r2-000011,8e084a077a4a4f31952715653bc7ec47bdb8b554bf469e966fa6c698f255e95c,1,1,0,0,1,broker_acknowledged,1
sensor-001,OUT-15S-2HZ-r2-session-001,12,OUT-15S-2HZ-r2-000012,667316a18b56918b8b2f764e71349875c3b9388b9a8fca89f76a782f118d61d6,1,1,0,0,1,broker_acknowledged,1
sensor-001,OUT-15S-2HZ-r2-session-001,13,OUT-15S-2HZ-r2-000013,6a0853486473963c55cd15c2b15e4e32c823c3d5bcb25eb24522143204b63271,1,1,0,0,1,broker_acknowledged,1
sensor-001,OUT-15S-2HZ-r2-session-001,14,OUT-15S-2HZ-r2-000014,745e8b002db45b1b5ef3f04a78c599b2fab17123c77ee2b3047a778265b7f341,1,1,0,0,1,broker_acknowledged,1
sensor-001,OUT-15S-2HZ-r2-session-001,15,OUT-15S-2HZ-r2-000015,810e05bff3155edd17cc17f6e083fa2ac784719ce9876ba29c3c5541fb5f514f,1,1,0,0,1,broker_acknowledged,1
sensor-001,OUT-15S-2HZ-r2-session-001,16,OUT-15S-2HZ-r2-000016,c48b550b292cacdbbe1f9f7a015e54da64f17bac48958ece7712a6b9ddafd02d,1,1,0,0,1,broker_acknowledged,1
sensor-001,OUT-15S-2HZ-r2-session-001,17,OUT-15S-2HZ-r2-000017,98ecb84819d43dd978702c53880a81bee60c790100ec8c33c39d5ac247d55ebb,1,1,0,0,1,broker_acknowledged,1
sensor-001,OUT-15S-2HZ-r2-session-001,18,OUT-15S-2HZ-r2-000018,8a411a2a3eadd850606f997a4ffba78c9c163644c21bda5599a1ff84b99cfdf3,1,1,0,0,1,broker_acknowledged,1
sensor-001,OUT-15S-2HZ-r2-session-001,19,OUT-15S-2HZ-r2-000019,ef22e30ae59054047c6f75b7470a68013c3566d41adf66119c8af831e7ab56ce,1,1,0,0,1,broker_acknowledged,1
sensor-001,OUT-15S-2HZ-r2-session-001,20,OUT-15S-2HZ-r2-000020,c692bd42cb6cff14ea4e3dd778e7307d2c176f33de28a4bee975aed872bd5c17,1,1,0,0,1,broker_acknowledged,1
sensor-001,OUT-15S-2HZ-r2-session-001,21,OUT-15S-2HZ-r2-000021,967857cf04e4aab9d2487b1a21d3bd9cc0c23fff2a0973c1e5cc27f57ef7a790,1,1,0,0,1,broker_acknowledged,1
sensor-001,OUT-15S-2HZ-r2-session-001,22,OUT-15S-2HZ-r2-000022,6d1d997567baac0c6a759c6869faf991506ed54cd60074bad81875aa4808e4c9,1,1,0,0,1,broker_acknowledged,1
sensor-001,OUT-15S-2HZ-r2-session-001,23,OUT-15S-2HZ-r2-000023,0e6e8d6752849335ac4ceaf57d395fc4f76e94c6a552f6c4cbc66b8170ddfbb4,1,1,0,0,1,broker_acknowledged,1
sensor-001,OUT-15S-2HZ-r2-session-001,24,OUT-15S-2HZ-r2-000024,05ae29abc9af5aa75eb00e9c7afec3c0019104e44904384634c587d4268f0761,1,1,0,0,1,broker_acknowledged,1
sensor-001,OUT-15S-2HZ-r2-session-001,25,OUT-15S-2HZ-r2-000025,7b683b6c7052f1974ed7af63d03c0c0bb8a2b630992aee58693bba7d43ec7903,1,1,0,0,1,broker_acknowledged,1
sensor-001,OUT-15S-2HZ-r2-session-001,26,OUT-15S-2HZ-r2-000026,1f2daad4f0b564c7716567b8d12ba882c53c678750f38e2943e43d913b6600fb,1,1,0,0,1,broker_acknowledged,1
sensor-001,OUT-15S-2HZ-r2-session-001,27,OUT-15S-2HZ-r2-000027,be69e7b484d5771b53fda5864ebd5ed9cd33142d205072f4658a239b818845ba,1,1,0,0,1,broker_acknowledged,1
sensor-001,OUT-15S-2HZ-r2-session-001,28,OUT-15S-2HZ-r2-000028,016e9b83da9146f6b86fd2326c9efb8f424c351121f46c9aaf2548107b57b905,1,1,0,0,1,broker_acknowledged,1
sensor-001,OUT-15S-2HZ-r2-session-001,29,OUT-15S-2HZ-r2-000029,c46bb9a6c7adae8e19193e85742b24ffdc8534607e02fd703030f0d4e2018f88,1,1,0,0,1,broker_acknowledged,1
sensor-001,OUT-15S-2HZ-r2-session-001,30,OUT-15S-2HZ-r2-000030,fb1b1df6b919b3af9c0fb0b5cbcb4a720880870e09e0e871c46b3fff7934bc37,1,1,0,0,1,broker_acknowledged,1
