device_id,publisher_session_id,source_sequence,message_id,publisher_payload_hash,collector_observation_count,collector_valid_match,collector_valid_duplicate_count,collector_conflict_count
sensor-001,DIRECT-BASE-r1-session-001,1,DIRECT-BASE-r1-000001,967857cf04e4aab9d2487b1a21d3bd9cc0c23fff2a0973c1e5cc27f57ef7a790,1,1,0,0
sensor-001,DIRECT-BASE-r1-session-001,2,DIRECT-BASE-r1-000002,6d1d997567baac0c6a759c6869faf991506ed54cd60074bad81875aa4808e4c9,1,1,0,0
sensor-001,DIRECT-BASE-r1-session-001,3,DIRECT-BASE-r1-000003,0e6e8d6752849335ac4ceaf57d395fc4f76e94c6a552f6c4cbc66b8170ddfbb4,1,1,0,0
sensor-001,DIRECT-BASE-r1-session-001,4,DIRECT-BASE-r1-000004,05ae29abc9af5aa75eb00e9c7afec3c0019104e44904384634c587d4268f0761,1,1,0,0
sensor-001,DIRECT-BASE-r1-session-001,5,DIRECT-BASE-r1-000005,7b683b6c7052f1974ed7af63d03c0c0bb8a2b630992aee58693bba7d43ec7903,1,1,0,0
sensor-001,DIRECT-BASE-r1-session-001,6,DIRECT-BASE-r1-000006,1f2daad4f0b564c7716567b8d12ba882c53c678750f38e2943e43d913b6600fb,1,1,0,0
sensor-001,DIRECT-BASE-r1-session-001,7,DIRECT-BASE-r1-000007,be69e7b484d5771b53fda5864ebd5ed9cd33142d205072f4658a239b818845ba,1,1,0,0
sensor-001,DIRECT-BASE-r1-session-001,8,DIRECT-BASE-r1-000008,016e9b83da9146f6b86fd2326c9efb8f424c351121f46c9aaf2548107b57b905,1,1,0,0
sensor-001,DIRECT-BASE-r1-session-001,9,DIRECT-BASE-r1-000009,c46bb9a6c7adae8e19193e85742b24ffdc8534607e02fd703030f0d4e2018f88,1,1,0,0
sensor-001,DIRECT-BASE-r1-session-001,10,DIRECT-BASE-r1-000010,fb1b1df6b919b3af9c0fb0b5cbcb4a720880870e09e0e871c46b3fff7934bc37,1,1,0,0
sensor-001,DIRECT-BASE-r1-session-001,11,DIRECT-BASE-r1-000011,8e084a077a4a4f31952715653bc7ec47bdb8b554bf469e966fa6c698f255e95c,1,1,0,0
sensor-001,DIRECT-BASE-r1-session-001,12,DIRECT-BASE-r1-000012,667316a18b56918b8b2f764e71349875c3b9388b9a8fca89f76a782f118d61d6,1,1,0,0
sensor-001,DIRECT-BASE-r1-session-001,13,DIRECT-BASE-r1-000013,6a0853486473963c55cd15c2b15e4e32c823c3d5bcb25eb24522143204b63271,1,1,0,0
sensor-001,DIRECT-BASE-r1-session-001,14,DIRECT-BASE-r1-000014,745e8b002db45b1b5ef3f04a78c599b2fab17123c77ee2b3047a778265b7f341,1,1,0,0
sensor-001,DIRECT-BASE-r1-session-001,15,DIRECT-BASE-r1-000015,810e05bff3155edd17cc17f6e083fa2ac784719ce9876ba29c3c5541fb5f514f,1,1,0,0
sensor-001,DIRECT-BASE-r1-session-001,16,DIRECT-BASE-r1-000016,c48b550b292cacdbbe1f9f7a015e54da64f17bac48958ece7712a6b9ddafd02d,1,1,0,0
sensor-001,DIRECT-BASE-r1-session-001,17,DIRECT-BASE-r1-000017,98ecb84819d43dd978702c53880a81bee60c790100ec8c33c39d5ac247d55ebb,1,1,0,0
sensor-001,DIRECT-BASE-r1-session-001,18,DIRECT-BASE-r1-000018,8a411a2a3eadd850606f997a4ffba78c9c163644c21bda5599a1ff84b99cfdf3,1,1,0,0
sensor-001,DIRECT-BASE-r1-session-001,19,DIRECT-BASE-r1-000019,ef22e30ae59054047c6f75b7470a68013c3566d41adf66119c8af831e7ab56ce,1,1,0,0
sensor-001,DIRECT-BASE-r1-session-001,20,DIRECT-BASE-r1-000020,c692bd42cb6cff14ea4e3dd778e7307d2c176f33de28a4bee975aed872bd5c17,1,1,0,0
sensor-001,DIRECT-BASE-r1-session-001,21,DIRECT-BASE-r1-000021,967857cf04e4aab9d2487b1a21d3bd9cc0c23fff2a0973c1e5cc27f57ef7a790,1,1,0,0
sensor-001,DIRECT-BASE-r1-session-001,22,DIRECT-BASE-r1-000022,6d1d997567baac0c6a759c6869faf991506ed54cd60074bad81875aa4808e4c9,1,1,0,0
sensor-001,DIRECT-BASE-r1-session-001,23,DIRECT-BASE-r1-000023,0e6e8d6752849335ac4ceaf57d395fc4f76e94c6a552f6c4cbc66b8170ddfbb4,1,1,0,0
sensor-001,DIRECT-BASE-r1-session-001,24,DIRECT-BASE-r1-000024,05ae29abc9af5aa75eb00e9c7afec3c0019104e44904384634c587d4268f0761,1,1,0,0
sensor-001,DIRECT-BASE-r1-session-001,25,DIRECT-BASE-r1-000025,7b683b6c7052f1974ed7af63d03c0c0bb8a2b630992aee58693bba7d43ec7903,1,1,0,0
sensor-001,DIRECT-BASE-r1-session-001,26,DIRECT-BASE-r1-000026,1f2daad4f0b564c7716567b8d12ba882c53c678750f38e2943e43d913b6600fb,1,1,0,0
sensor-001,DIRECT-BASE-r1-session-001,27,DIRECT-BASE-r1-000027,be69e7b484d5771b53fda5864ebd5ed9cd33142d205072f4658a239b818845ba,1,1,0,0
sensor-001,DIRECT-BASE-r1-session-001,28,DIRECT-BASE-r1-000028,016e9b83da9146f6b86fd2326c9efb8f424c351121f46c9aaf2548107b57b905,1,1,0,0
sensor-001,DIRECT-BASE-r1-session-001,29,DIRECT-BASE-r1-000029,c46bb9a6c7adae8e19193e85742b24ffdc8534607e02fd703030f0d4e2018f88,1,1,0,0
sensor-001,DIRECT-BASE-r1-session-001,30,DIRECT-BASE-r1-000030,fb1b1df6b919b3af9c0fb0b5cbcb4a720880870e09e0e871c46b3fff7934bc37,1,1,0,0
sensor-001,DIRECT-BASE-r1-session-001,31,DIRECT-BASE-r1-000031,8e084a077a4a4f31952715653bc7ec47bdb8b554bf469e966fa6c698f255e95c,1,1,0,0
sensor-001,DIRECT-BASE-r1-session-001,32,DIRECT-BASE-r1-000032,667316a18b56918b8b2f764e71349875c3b9388b9a8fca89f76a782f118d61d6,1,1,0,0
sensor-001,DIRECT-BASE-r1-session-001,33,DIRECT-BASE-r1-000033,6a0853486473963c55cd15c2b15e4e32c823c3d5bcb25eb24522143204b63271,1,1,0,0
sensor-001,DIRECT-BASE-r1-session-001,34,DIRECT-BASE-r1-000034,745e8b002db45b1b5ef3f04a78c599b2fab17123c77ee2b3047a778265b7f341,1,1,0,0
sensor-001,DIRECT-BASE-r1-session-001,35,DIRECT-BASE-r1-000035,810e05bff3155edd17cc17f6e083fa2ac784719ce9876ba29c3c5541fb5f514f,1,1,0,0
sensor-001,DIRECT-BASE-r1-session-001,36,DIRECT-BASE-r1-000036,c48b550b292cacdbbe1f9f7a015e54da64f17bac48958ece7712a6b9ddafd02d,1,1,0,0
sensor-001,DIRECT-BASE-r1-session-001,37,DIRECT-BASE-r1-000037,98ecb84819d43dd978702c53880a81bee60c790100ec8c33c39d5ac247d55ebb,1,1,0,0
sensor-001,DIRECT-BASE-r1-session-001,38,DIRECT-BASE-r1-000038,8a411a2a3eadd850606f997a4ffba78c9c163644c21bda5599a1ff84b99cfdf3,1,1,0,0
sensor-001,DIRECT-BASE-r1-session-001,39,DIRECT-BASE-r1-000039,ef22e30ae59054047c6f75b7470a68013c3566d41adf66119c8af831e7ab56ce,1,1,0,0
sensor-001,DIRECT-BASE-r1-session-001,40,DIRECT-BASE-r1-000040,c692bd42cb6cff14ea4e3dd778e7307d2c176f33de28a4bee975aed872bd5c17,1,1,0,0
sensor-001,DIRECT-BASE-r1-session-001,41,DIRECT-BASE-r1-000041,967857cf04e4aab9d2487b1a21d3bd9cc0c23fff2a0973c1e5cc27f57ef7a790,1,1,0,0
sensor-001,DIRECT-BASE-r1-session-001,42,DIRECT-BASE-r1-000042,6d1d997567baac0c6a759c6869faf991506ed54cd60074bad81875aa4808e4c9,1,1,0,0
sensor-001,DIRECT-BASE-r1-session-001,43,DIRECT-BASE-r1-000043,0e6e8d6752849335ac4ceaf57d395fc4f76e94c6a552f6c4cbc66b8170ddfbb4,1,1,0,0
sensor-001,DIRECT-BASE-r1-session-001,44,DIRECT-BASE-r1-000044,05ae29abc9af5aa75eb00e9c7afec3c0019104e44904384634c587d4268f0761,1,1,0,0
sensor-001,DIRECT-BASE-r1-session-001,45,DIRECT-BASE-r1-000045,7b683b6c7052f1974ed7af63d03c0c0bb8a2b630992aee58693bba7d43ec7903,1,1,0,0
sensor-001,DIRECT-BASE-r1-session-001,46,DIRECT-BASE-r1-000046,1f2daad4f0b564c7716567b8d12ba882c53c678750f38e2943e43d913b6600fb,1,1,0,0
sensor-001,DIRECT-BASE-r1-session-001,47,DIRECT-BASE-r1-000047,be69e7b484d5771b53fda5864ebd5ed9cd33142d205072f4658a239b818845ba,1,1,0,0
sensor-001,DIRECT-BASE-r1-session-001,48,DIRECT-BASE-r1-000048,016e9b83da9146f6b86fd2326c9efb8f424c351121f46c9aaf2548107b57b905,1,1,0,0
sensor-001,DIRECT-BASE-r1-session-001,49,DIRECT-BASE-r1-000049,c46bb9a6c7adae8e19193e85742b24ffdc8534607e02fd703030f0d4e2018f88,1,1,0,0
sensor-001,DIRECT-BASE-r1-session-001,50,DIRECT-BASE-r1-000050,fb1b1df6b919b3af9c0fb0b5cbcb4a720880870e09e0e871c46b3fff7934bc37,1,1,0,0
sensor-001,DIRECT-BASE-r1-session-001,51,DIRECT-BASE-r1-000051,8e084a077a4a4f31952715653bc7ec47bdb8b554bf469e966fa6c698f255e95c,1,1,0,0
sensor-001,DIRECT-BASE-r1-session-001,52,DIRECT-BASE-r1-000052,667316a18b56918b8b2f764e71349875c3b9388b9a8fca89f76a782f118d61d6,1,1,0,0
sensor-001,DIRECT-BASE-r1-session-001,53,DIRECT-BASE-r1-000053,6a0853486473963c55cd15c2b15e4e32c823c3d5bcb25eb24522143204b63271,1,1,0,0
sensor-001,DIRECT-BASE-r1-session-001,54,DIRECT-BASE-r1-000054,745e8b002db45b1b5ef3f04a78c599b2fab17123c77ee2b3047a778265b7f341,1,1,0,0
sensor-001,DIRECT-BASE-r1-session-001,55,DIRECT-BASE-r1-000055,810e05bff3155edd17cc17f6e083fa2ac784719ce9876ba29c3c5541fb5f514f,1,1,0,0
sensor-001,DIRECT-BASE-r1-session-001,56,DIRECT-BASE-r1-000056,c48b550b292cacdbbe1f9f7a015e54da64f17bac48958ece7712a6b9ddafd02d,1,1,0,0
sensor-001,DIRECT-BASE-r1-session-001,57,DIRECT-BASE-r1-000057,98ecb84819d43dd978702c53880a81bee60c790100ec8c33c39d5ac247d55ebb,1,1,0,0
sensor-001,DIRECT-BASE-r1-session-001,58,DIRECT-BASE-r1-000058,8a411a2a3eadd850606f997a4ffba78c9c163644c21bda5599a1ff84b99cfdf3,1,1,0,0
sensor-001,DIRECT-BASE-r1-session-001,59,DIRECT-BASE-r1-000059,ef22e30ae59054047c6f75b7470a68013c3566d41adf66119c8af831e7ab56ce,1,1,0,0
sensor-001,DIRECT-BASE-r1-session-001,60,DIRECT-BASE-r1-000060,c692bd42cb6cff14ea4e3dd778e7307d2c176f33de28a4bee975aed872bd5c17,1,1,0,0
sensor-001,DIRECT-BASE-r1-session-001,61,DIRECT-BASE-r1-000061,967857cf04e4aab9d2487b1a21d3bd9cc0c23fff2a0973c1e5cc27f57ef7a790,1,1,0,0
sensor-001,DIRECT-BASE-r1-session-001,62,DIRECT-BASE-r1-000062,6d1d997567baac0c6a759c6869faf991506ed54cd60074bad81875aa4808e4c9,1,1,0,0
sensor-001,DIRECT-BASE-r1-session-001,63,DIRECT-BASE-r1-000063,0e6e8d6752849335ac4ceaf57d395fc4f76e94c6a552f6c4cbc66b8170ddfbb4,1,1,0,0
sensor-001,DIRECT-BASE-r1-session-001,64,DIRECT-BASE-r1-000064,05ae29abc9af5aa75eb00e9c7afec3c0019104e44904384634c587d4268f0761,1,1,0,0
sensor-001,DIRECT-BASE-r1-session-001,65,DIRECT-BASE-r1-000065,7b683b6c7052f1974ed7af63d03c0c0bb8a2b630992aee58693bba7d43ec7903,1,1,0,0
sensor-001,DIRECT-BASE-r1-session-001,66,DIRECT-BASE-r1-000066,1f2daad4f0b564c7716567b8d12ba882c53c678750f38e2943e43d913b6600fb,1,1,0,0
sensor-001,DIRECT-BASE-r1-session-001,67,DIRECT-BASE-r1-000067,be69e7b484d5771b53fda5864ebd5ed9cd33142d205072f4658a239b818845ba,1,1,0,0
sensor-001,DIRECT-BASE-r1-session-001,68,DIRECT-BASE-r1-000068,016e9b83da9146f6b86fd2326c9efb8f424c351121f46c9aaf2548107b57b905,1,1,0,0
sensor-001,DIRECT-BASE-r1-session-001,69,DIRECT-BASE-r1-000069,c46bb9a6c7adae8e19193e85742b24ffdc8534607e02fd703030f0d4e2018f88,1,1,0,0
sensor-001,DIRECT-BASE-r1-session-001,70,DIRECT-BASE-r1-000070,fb1b1df6b919b3af9c0fb0b5cbcb4a720880870e09e0e871c46b3fff7934bc37,1,1,0,0
sensor-001,DIRECT-BASE-r1-session-001,71,DIRECT-BASE-r1-000071,8e084a077a4a4f31952715653bc7ec47bdb8b554bf469e966fa6c698f255e95c,1,1,0,0
sensor-001,DIRECT-BASE-r1-session-001,72,DIRECT-BASE-r1-000072,667316a18b56918b8b2f764e71349875c3b9388b9a8fca89f76a782f118d61d6,1,1,0,0
sensor-001,DIRECT-BASE-r1-session-001,73,DIRECT-BASE-r1-000073,6a0853486473963c55cd15c2b15e4e32c823c3d5bcb25eb24522143204b63271,1,1,0,0
sensor-001,DIRECT-BASE-r1-session-001,74,DIRECT-BASE-r1-000074,745e8b002db45b1b5ef3f04a78c599b2fab17123c77ee2b3047a778265b7f341,1,1,0,0
sensor-001,DIRECT-BASE-r1-session-001,75,DIRECT-BASE-r1-000075,810e05bff3155edd17cc17f6e083fa2ac784719ce9876ba29c3c5541fb5f514f,1,1,0,0
sensor-001,DIRECT-BASE-r1-session-001,76,DIRECT-BASE-r1-000076,c48b550b292cacdbbe1f9f7a015e54da64f17bac48958ece7712a6b9ddafd02d,1,1,0,0
sensor-001,DIRECT-BASE-r1-session-001,77,DIRECT-BASE-r1-000077,98ecb84819d43dd978702c53880a81bee60c790100ec8c33c39d5ac247d55ebb,1,1,0,0
sensor-001,DIRECT-BASE-r1-session-001,78,DIRECT-BASE-r1-000078,8a411a2a3eadd850606f997a4ffba78c9c163644c21bda5599a1ff84b99cfdf3,1,1,0,0
sensor-001,DIRECT-BASE-r1-session-001,79,DIRECT-BASE-r1-000079,ef22e30ae59054047c6f75b7470a68013c3566d41adf66119c8af831e7ab56ce,1,1,0,0
sensor-001,DIRECT-BASE-r1-session-001,80,DIRECT-BASE-r1-000080,c692bd42cb6cff14ea4e3dd778e7307d2c176f33de28a4bee975aed872bd5c17,1,1,0,0
sensor-001,DIRECT-BASE-r1-session-001,81,DIRECT-BASE-r1-000081,967857cf04e4aab9d2487b1a21d3bd9cc0c23fff2a0973c1e5cc27f57ef7a790,1,1,0,0
sensor-001,DIRECT-BASE-r1-session-001,82,DIRECT-BASE-r1-000082,6d1d997567baac0c6a759c6869faf991506ed54cd60074bad81875aa4808e4c9,1,1,0,0
sensor-001,DIRECT-BASE-r1-session-001,83,DIRECT-BASE-r1-000083,0e6e8d6752849335ac4ceaf57d395fc4f76e94c6a552f6c4cbc66b8170ddfbb4,1,1,0,0
sensor-001,DIRECT-BASE-r1-session-001,84,DIRECT-BASE-r1-000084,05ae29abc9af5aa75eb00e9c7afec3c0019104e44904384634c587d4268f0761,1,1,0,0
sensor-001,DIRECT-BASE-r1-session-001,85,DIRECT-BASE-r1-000085,7b683b6c7052f1974ed7af63d03c0c0bb8a2b630992aee58693bba7d43ec7903,1,1,0,0
sensor-001,DIRECT-BASE-r1-session-001,86,DIRECT-BASE-r1-000086,1f2daad4f0b564c7716567b8d12ba882c53c678750f38e2943e43d913b6600fb,1,1,0,0
sensor-001,DIRECT-BASE-r1-session-001,87,DIRECT-BASE-r1-000087,be69e7b484d5771b53fda5864ebd5ed9cd33142d205072f4658a239b818845ba,1,1,0,0
sensor-001,DIRECT-BASE-r1-session-001,88,DIRECT-BASE-r1-000088,016e9b83da9146f6b86fd2326c9efb8f424c351121f46c9aaf2548107b57b905,1,1,0,0
sensor-001,DIRECT-BASE-r1-session-001,89,DIRECT-BASE-r1-000089,c46bb9a6c7adae8e19193e85742b24ffdc8534607e02fd703030f0d4e2018f88,1,1,0,0
sensor-001,DIRECT-BASE-r1-session-001,90,DIRECT-BASE-r1-000090,fb1b1df6b919b3af9c0fb0b5cbcb4a720880870e09e0e871c46b3fff7934bc37,1,1,0,0
sensor-001,DIRECT-BASE-r1-session-001,91,DIRECT-BASE-r1-000091,8e084a077a4a4f31952715653bc7ec47bdb8b554bf469e966fa6c698f255e95c,1,1,0,0
sensor-001,DIRECT-BASE-r1-session-001,92,DIRECT-BASE-r1-000092,667316a18b56918b8b2f764e71349875c3b9388b9a8fca89f76a782f118d61d6,1,1,0,0
sensor-001,DIRECT-BASE-r1-session-001,93,DIRECT-BASE-r1-000093,6a0853486473963c55cd15c2b15e4e32c823c3d5bcb25eb24522143204b63271,1,1,0,0
sensor-001,DIRECT-BASE-r1-session-001,94,DIRECT-BASE-r1-000094,745e8b002db45b1b5ef3f04a78c599b2fab17123c77ee2b3047a778265b7f341,1,1,0,0
sensor-001,DIRECT-BASE-r1-session-001,95,DIRECT-BASE-r1-000095,810e05bff3155edd17cc17f6e083fa2ac784719ce9876ba29c3c5541fb5f514f,1,1,0,0
sensor-001,DIRECT-BASE-r1-session-001,96,DIRECT-BASE-r1-000096,c48b550b292cacdbbe1f9f7a015e54da64f17bac48958ece7712a6b9ddafd02d,1,1,0,0
sensor-001,DIRECT-BASE-r1-session-001,97,DIRECT-BASE-r1-000097,98ecb84819d43dd978702c53880a81bee60c790100ec8c33c39d5ac247d55ebb,1,1,0,0
sensor-001,DIRECT-BASE-r1-session-001,98,DIRECT-BASE-r1-000098,8a411a2a3eadd850606f997a4ffba78c9c163644c21bda5599a1ff84b99cfdf3,1,1,0,0
sensor-001,DIRECT-BASE-r1-session-001,99,DIRECT-BASE-r1-000099,ef22e30ae59054047c6f75b7470a68013c3566d41adf66119c8af831e7ab56ce,1,1,0,0
sensor-001,DIRECT-BASE-r1-session-001,100,DIRECT-BASE-r1-000100,c692bd42cb6cff14ea4e3dd778e7307d2c176f33de28a4bee975aed872bd5c17,1,1,0,0
